,ghi,dni,dhi,temp_air,wind_speed,mydatetime,myTZtimestamp,Rad1h,TTT,PPPP,FF,Rad1wh,Rad1Energy,mytimestamp,ACSim,CellTempSim,DCSim
2020-11-10 10:00:00+00:00,83.33340000000001,0.0,82.8354045893209,2.72,1.54,2020-11-10 10:00:00.000,2020-11-10 10:00:00,300.0,2.72,102990.0,1.54,83.33340000000001,717.0992403456,1604998800.0,645.812564899192,5.006474200545216,668.3378712188346
2020-11-10 11:00:00+00:00,97.2223,0.0,96.54447291324232,3.42,1.54,2020-11-10 11:00:00.000,2020-11-10 11:00:00,350.0,3.42,102960.0,1.54,97.2223,836.6157804032,1605002400.0,756.788911089819,6.084892058013231,779.7790549290722
2020-11-10 12:00:00+00:00,97.2223,0.0,96.54447291324232,4.02,1.54,2020-11-10 12:00:00.000,2020-11-10 12:00:00,350.0,4.02,102940.0,1.54,97.2223,836.6157804032,1605006000.0,755.0262445555442,6.68489205801323,777.9908809412473
2020-11-10 13:00:00+00:00,86.11118,0.0,85.57943156704152,4.52,1.54,2020-11-10 13:00:00.000,2020-11-10 13:00:00,310.0,4.52,102920.0,1.54,86.11118,741.00254835712,1605009600.0,663.7238952615593,6.882218598917816,686.2713944468044
2020-11-10 14:00:00+00:00,55.555600000000005,0.0,55.334268706364846,4.82,1.54,2020-11-10 14:00:00.000,2020-11-10 14:00:00,200.0,4.82,102910.0,1.54,55.555600000000005,478.06616023040004,1605013200.0,416.1391702388521,6.347357477646738,437.76965305425097
2020-11-10 15:00:00+00:00,22.222240000000003,0.0,22.222240000000003,4.72,1.54,2020-11-10 15:00:00.000,2020-11-10 15:00:00,80.0,4.72,102910.0,1.54,22.222240000000003,191.22646409216,1605016800.0,149.53830188622248,5.333376066218638,170.42832371957329
2020-11-10 16:00:00+00:00,2.7777800000000004,0.0,2.7777800000000004,4.52,1.54,2020-11-10 16:00:00.000,2020-11-10 16:00:00,10.0,4.52,102960.0,1.54,2.7777800000000004,23.90330801152,1605020400.0,-3.0,4.59667200827733,19.563718404396322
2020-11-10 17:00:00+00:00,0.0,0.0,0.0,4.12,1.54,2020-11-10 17:00:00.000,2020-11-10 17:00:00,0.0,4.12,103000.0,1.54,0.0,0.0,1605024000.0,-3.0,4.12,-0.0
2020-11-10 18:00:00+00:00,0.0,0.0,0.0,3.82,1.54,2020-11-10 18:00:00.000,2020-11-10 18:00:00,0.0,3.82,103010.0,1.54,0.0,0.0,1605027600.0,-3.0,3.82,-0.0
2020-11-10 19:00:00+00:00,0.0,0.0,0.0,3.62,1.03,2020-11-10 19:00:00.000,2020-11-10 19:00:00,0.0,3.62,103030.0,1.03,0.0,0.0,1605031200.0,-3.0,3.62,0.0
2020-11-10 20:00:00+00:00,0.0,0.0,0.0,3.72,1.03,2020-11-10 20:00:00.000,2020-11-10 20:00:00,0.0,3.72,103040.0,1.03,0.0,0.0,1605034800.0,-3.0,3.72,-0.0
2020-11-10 21:00:00+00:00,0.0,0.0,0.0,3.52,1.03,2020-11-10 21:00:00.000,2020-11-10 21:00:00,0.0,3.52,103050.0,1.03,0.0,0.0,1605038400.0,-3.0,3.52,0.0
2020-11-10 22:00:00+00:00,0.0,0.0,0.0,3.62,1.54,2020-11-10 22:00:00.000,2020-11-10 22:00:00,0.0,3.62,103060.0,1.54,0.0,0.0,1605042000.0,-3.0,3.62,0.0
2020-11-10 23:00:00+00:00,0.0,0.0,0.0,3.62,1.54,2020-11-10 23:00:00.000,2020-11-10 23:00:00,0.0,3.62,103080.0,1.54,0.0,0.0,1605045600.0,-3.0,3.62,0.0
2020-11-11 00:00:00+00:00,0.0,0.0,0.0,3.62,1.54,2020-11-11 00:00:00.000,2020-11-11 00:00:00,0.0,3.62,103040.0,1.54,0.0,0.0,1605049200.0,-3.0,3.62,0.0
2020-11-11 01:00:00+00:00,0.0,0.0,0.0,3.62,1.54,2020-11-11 01:00:00.000,2020-11-11 01:00:00,0.0,3.62,103050.0,1.54,0.0,0.0,1605052800.0,-3.0,3.62,0.0
2020-11-11 02:00:00+00:00,0.0,0.0,0.0,3.82,1.54,2020-11-11 02:00:00.000,2020-11-11 02:00:00,0.0,3.82,103030.0,1.54,0.0,0.0,1605056400.0,-3.0,3.82,-0.0
2020-11-11 03:00:00+00:00,0.0,0.0,0.0,4.02,1.54,2020-11-11 03:00:00.000,2020-11-11 03:00:00,0.0,4.02,103020.0,1.54,0.0,0.0,1605060000.0,-3.0,4.02,0.0
2020-11-11 04:00:00+00:00,0.0,0.0,0.0,4.12,1.54,2020-11-11 04:00:00.000,2020-11-11 04:00:00,0.0,4.12,103000.0,1.54,0.0,0.0,1605063600.0,-3.0,4.12,-0.0
2020-11-11 05:00:00+00:00,0.0,0.0,0.0,3.92,1.54,2020-11-11 05:00:00.000,2020-11-11 05:00:00,0.0,3.92,102980.0,1.54,0.0,0.0,1605067200.0,-3.0,3.92,0.0
2020-11-11 06:00:00+00:00,0.0,0.0,0.0,4.12,1.54,2020-11-11 06:00:00.000,2020-11-11 06:00:00,0.0,4.12,103000.0,1.54,0.0,0.0,1605070800.0,-3.0,4.12,-0.0
2020-11-11 07:00:00+00:00,0.0,0.0,0.0,4.22,1.54,2020-11-11 07:00:00.000,2020-11-11 07:00:00,0.0,4.22,102990.0,1.54,0.0,0.0,1605074400.0,-3.0,4.22,0.0
2020-11-11 08:00:00+00:00,13.888900000000001,0.0,13.875073406543159,4.42,1.54,2020-11-11 08:00:00.000,2020-11-11 08:00:00,50.0,4.42,103000.0,1.54,13.888900000000001,119.51654005760001,1605078000.0,83.92398810109219,4.802980055116588,104.63325954245042
2020-11-11 09:00:00+00:00,36.111140000000006,0.0,36.01767222823175,4.82,1.54,2020-11-11 09:00:00.000,2020-11-11 09:00:00,130.0,4.82,102960.0,1.54,36.111140000000006,310.74300414976005,1605081600.0,259.79006714621175,5.8141674004196755,280.9672711551058
2020-11-11 10:00:00+00:00,61.111160000000005,0.0,60.84347715067554,5.22,2.06,2020-11-11 10:00:00.000,2020-11-11 10:00:00,220.0,5.22,102930.0,2.06,61.111160000000005,525.8727762534401,1605085200.0,460.32192095217,6.841991470966702,482.08841070471
2020-11-11 11:00:00+00:00,83.33340000000001,0.0,82.8356426355537,5.52,2.06,2020-11-11 11:00:00.000,2020-11-11 11:00:00,300.0,5.52,102890.0,2.06,83.33340000000001,717.0992403456,1605088800.0,638.9229543965489,7.728283439677824,661.3406509485933
2020-11-11 12:00:00+00:00,100.00008000000001,0.0,99.28330939519732,6.02,2.06,2020-11-11 12:00:00.000,2020-11-11 12:00:00,360.0,6.02,102830.0,2.06,100.00008000000001,860.51908841472,1605092400.0,771.7605141236874,8.666769327137024,794.7455568454534
2020-11-11 13:00:00+00:00,86.11118,0.0,85.579685747519,6.12,2.06,2020-11-11 13:00:00.000,2020-11-11 13:00:00,310.0,6.12,102780.0,2.06,86.11118,741.00254835712,1605096000.0,659.7546301900904,8.4014378190802,682.2402957461975
2020-11-11 14:00:00+00:00,55.555600000000005,0.0,55.33437450469053,6.22,1.54,2020-11-11 14:00:00.000,2020-11-11 14:00:00,200.0,6.22,102760.0,1.54,55.555600000000005,478.06616023040004,1605099600.0,413.7445930435787,7.747360385225621,435.32840955052814
2020-11-11 15:00:00+00:00,22.222240000000003,0.0,22.222240000000003,6.02,1.54,2020-11-11 15:00:00.000,2020-11-11 15:00:00,80.0,6.02,102730.0,1.54,22.222240000000003,191.22646409216,1605103200.0,148.63270587362845,6.633376066218638,169.4872223063214
2020-11-11 16:00:00+00:00,2.7777800000000004,0.0,2.7777800000000004,5.82,1.54,2020-11-11 16:00:00.000,2020-11-11 16:00:00,10.0,5.82,102740.0,1.54,2.7777800000000004,23.90330801152,1605106800.0,-3.0,5.8966720082773305,19.43751310861323
2020-11-11 17:00:00+00:00,0.0,0.0,0.0,5.72,1.54,2020-11-11 17:00:00.000,2020-11-11 17:00:00,0.0,5.72,102740.0,1.54,0.0,0.0,1605110400.0,-3.0,5.72,0.0
2020-11-11 18:00:00+00:00,0.0,0.0,0.0,5.42,1.54,2020-11-11 18:00:00.000,2020-11-11 18:00:00,0.0,5.42,102740.0,1.54,0.0,0.0,1605114000.0,-3.0,5.42,0.0
2020-11-11 19:00:00+00:00,0.0,0.0,0.0,5.32,1.54,2020-11-11 19:00:00.000,2020-11-11 19:00:00,0.0,5.32,102750.0,1.54,0.0,0.0,1605117600.0,-3.0,5.32,0.0
2020-11-11 20:00:00+00:00,0.0,0.0,0.0,5.32,1.54,2020-11-11 20:00:00.000,2020-11-11 20:00:00,0.0,5.32,102730.0,1.54,0.0,0.0,1605121200.0,-3.0,5.32,0.0
2020-11-11 21:00:00+00:00,0.0,0.0,0.0,5.22,1.54,2020-11-11 21:00:00.000,2020-11-11 21:00:00,0.0,5.22,102720.0,1.54,0.0,0.0,1605124800.0,-3.0,5.22,0.0
2020-11-11 22:00:00+00:00,0.0,0.0,0.0,5.22,1.54,2020-11-11 22:00:00.000,2020-11-11 22:00:00,0.0,5.22,102700.0,1.54,0.0,0.0,1605128400.0,-3.0,5.22,0.0
2020-11-11 23:00:00+00:00,0.0,0.0,0.0,5.12,1.54,2020-11-11 23:00:00.000,2020-11-11 23:00:00,0.0,5.12,102680.0,1.54,0.0,0.0,1605132000.0,-3.0,5.12,0.0
2020-11-12 00:00:00+00:00,0.0,0.0,0.0,5.12,1.54,2020-11-12 00:00:00.000,2020-11-12 00:00:00,0.0,5.12,102650.0,1.54,0.0,0.0,1605135600.0,-3.0,5.12,0.0
2020-11-12 01:00:00+00:00,0.0,0.0,0.0,4.82,1.54,2020-11-12 01:00:00.000,2020-11-12 01:00:00,0.0,4.82,102630.0,1.54,0.0,0.0,1605139200.0,-3.0,4.82,0.0
2020-11-12 02:00:00+00:00,0.0,0.0,0.0,4.92,1.54,2020-11-12 02:00:00.000,2020-11-12 02:00:00,0.0,4.92,102610.0,1.54,0.0,0.0,1605142800.0,-3.0,4.92,0.0
2020-11-12 03:00:00+00:00,0.0,0.0,0.0,4.92,1.54,2020-11-12 03:00:00.000,2020-11-12 03:00:00,0.0,4.92,102570.0,1.54,0.0,0.0,1605146400.0,-3.0,4.92,0.0
2020-11-12 04:00:00+00:00,0.0,0.0,0.0,4.82,1.54,2020-11-12 04:00:00.000,2020-11-12 04:00:00,0.0,4.82,102560.0,1.54,0.0,0.0,1605150000.0,-3.0,4.82,0.0
2020-11-12 05:00:00+00:00,0.0,0.0,0.0,4.72,2.06,2020-11-12 05:00:00.000,2020-11-12 05:00:00,0.0,4.72,102530.0,2.06,0.0,0.0,1605153600.0,-3.0,4.72,0.0
2020-11-12 06:00:00+00:00,0.0,0.0,0.0,4.72,2.06,2020-11-12 06:00:00.000,2020-11-12 06:00:00,0.0,4.72,102520.0,2.06,0.0,0.0,1605157200.0,-3.0,4.72,0.0
2020-11-12 07:00:00+00:00,0.0,0.0,0.0,5.02,2.06,2020-11-12 07:00:00.000,2020-11-12 07:00:00,0.0,5.02,102520.0,2.06,0.0,0.0,1605160800.0,-3.0,5.02,0.0
2020-11-12 08:00:00+00:00,19.444460000000003,0.0,19.417372662892433,5.22,2.06,2020-11-12 08:00:00.000,2020-11-12 08:00:00,70.0,5.22,102520.0,2.06,19.444460000000003,167.32315608064002,1605164400.0,127.03889126204906,5.737629896023027,147.85437343323366
2020-11-12 09:00:00+00:00,55.555600000000005,0.0,55.33447888075452,5.82,2.57,2020-11-12 09:00:00.000,2020-11-12 09:00:00,200.0,5.82,102500.0,2.57,55.555600000000005,478.06616023040004,1605168000.0,414.6018721530379,7.2458377807466725,436.204164582524
2020-11-12 10:00:00+00:00,91.66674,0.0,91.06473775285416,6.52,2.57,2020-11-12 10:00:00.000,2020-11-12 10:00:00,330.0,6.52,102460.0,2.57,91.66674,788.80916438016,1605171600.0,703.5654105547363,8.866548074705912,726.2293064847537
2020-11-12 11:00:00+00:00,122.22232000000001,0.0,121.15209378285184,7.22,2.57,2020-11-12 11:00:00.000,2020-11-12 11:00:00,440.0,7.22,102410.0,2.57,122.22232000000001,1051.7455525068801,1605175200.0,946.2014195408133,10.341866468963058,970.0420230281907
2020-11-12 12:00:00+00:00,138.889,0.0,137.5069930047157,8.02,2.57,2020-11-12 12:00:00.000,2020-11-12 12:00:00,500.0,8.02,102350.0,2.57,138.889,1195.165400576,1605178800.0,1075.8259874877065,11.563320803174038,1100.3970968350586
2020-11-12 13:00:00+00:00,127.77788000000001,0.0,126.60814927919135,8.42,2.57,2020-11-12 13:00:00.000,2020-11-12 13:00:00,460.0,8.42,102310.0,2.57,127.77788000000001,1099.55216852992,1605182400.0,985.9711765574907,11.682464706493079,1009.9984951063975
2020-11-12 14:00:00+00:00,88.88896000000001,0.0,88.32288993473155,8.52,2.57,2020-11-12 14:00:00.000,2020-11-12 14:00:00,320.0,8.52,102290.0,2.57,88.88896000000001,764.90585636864,1605186000.0,675.8391306737848,10.795894395129359,698.3278073749832
2020-11-12 15:00:00+00:00,38.888920000000006,0.0,38.888920000000006,8.22,2.06,2020-11-12 15:00:00.000,2020-11-12 15:00:00,140.0,8.22,102280.0,2.06,38.888920000000006,334.64631216128004,1605189600.0,278.8425471781268,9.256697717220364,299.98161936519693
2020-11-12 16:00:00+00:00,5.555560000000001,0.0,5.555560000000001,7.92,2.06,2020-11-12 16:00:00.000,2020-11-12 16:00:00,20.0,7.92,102300.0,2.06,5.555560000000001,47.80661602304,1605193200.0,19.35165686054963,8.068099673888623,39.68282641276583
2020-11-12 17:00:00+00:00,0.0,0.0,0.0,7.52,2.06,2020-11-12 17:00:00.000,2020-11-12 17:00:00,0.0,7.52,102350.0,2.06,0.0,0.0,1605196800.0,-3.0,7.52,0.0
2020-11-12 18:00:00+00:00,0.0,0.0,0.0,7.22,1.54,2020-11-12 18:00:00.000,2020-11-12 18:00:00,0.0,7.22,102380.0,1.54,0.0,0.0,1605200400.0,-3.0,7.22,-0.0
2020-11-12 19:00:00+00:00,0.0,0.0,0.0,6.92,1.54,2020-11-12 19:00:00.000,2020-11-12 19:00:00,0.0,6.92,102410.0,1.54,0.0,0.0,1605204000.0,-3.0,6.92,0.0
2020-11-12 20:00:00+00:00,0.0,0.0,0.0,6.62,1.54,2020-11-12 20:00:00.000,2020-11-12 20:00:00,0.0,6.62,102430.0,1.54,0.0,0.0,1605207600.0,-3.0,6.62,0.0
2020-11-12 21:00:00+00:00,0.0,0.0,0.0,6.32,1.54,2020-11-12 21:00:00.000,2020-11-12 21:00:00,0.0,6.32,102430.0,1.54,0.0,0.0,1605211200.0,-3.0,6.32,0.0
2020-11-12 22:00:00+00:00,0.0,0.0,0.0,6.22,1.54,2020-11-12 22:00:00.000,2020-11-12 22:00:00,0.0,6.22,102450.0,1.54,0.0,0.0,1605214800.0,-3.0,6.22,-0.0
2020-11-12 23:00:00+00:00,0.0,0.0,0.0,6.12,1.54,2020-11-12 23:00:00.000,2020-11-12 23:00:00,0.0,6.12,102440.0,1.54,0.0,0.0,1605218400.0,-3.0,6.12,0.0
2020-11-13 00:00:00+00:00,0.0,0.0,0.0,5.82,1.54,2020-11-13 00:00:00.000,2020-11-13 00:00:00,0.0,5.82,102440.0,1.54,0.0,0.0,1605222000.0,-3.0,5.82,0.0
2020-11-13 01:00:00+00:00,0.0,0.0,0.0,5.42,1.54,2020-11-13 01:00:00.000,2020-11-13 01:00:00,0.0,5.42,102480.0,1.54,0.0,0.0,1605225600.0,-3.0,5.42,0.0
2020-11-13 02:00:00+00:00,0.0,0.0,0.0,5.12,1.54,2020-11-13 02:00:00.000,2020-11-13 02:00:00,0.0,5.12,102490.0,1.54,0.0,0.0,1605229200.0,-3.0,5.12,0.0
2020-11-13 03:00:00+00:00,0.0,0.0,0.0,4.82,1.54,2020-11-13 03:00:00.000,2020-11-13 03:00:00,0.0,4.82,102460.0,1.54,0.0,0.0,1605232800.0,-3.0,4.82,0.0
2020-11-13 04:00:00+00:00,0.0,0.0,0.0,4.72,1.54,2020-11-13 04:00:00.000,2020-11-13 04:00:00,0.0,4.72,102440.0,1.54,0.0,0.0,1605236400.0,-3.0,4.72,0.0
2020-11-13 05:00:00+00:00,0.0,0.0,0.0,4.62,1.54,2020-11-13 05:00:00.000,2020-11-13 05:00:00,0.0,4.62,102450.0,1.54,0.0,0.0,1605240000.0,-3.0,4.62,-0.0
2020-11-13 06:00:00+00:00,0.0,0.0,0.0,4.42,1.54,2020-11-13 06:00:00.000,2020-11-13 06:00:00,0.0,4.42,102470.0,1.54,0.0,0.0,1605243600.0,-3.0,4.42,0.0
2020-11-13 07:00:00+00:00,0.0,0.0,0.0,4.62,1.54,2020-11-13 07:00:00.000,2020-11-13 07:00:00,0.0,4.62,102470.0,1.54,0.0,0.0,1605247200.0,-3.0,4.62,-0.0
2020-11-13 08:00:00+00:00,19.444460000000003,0.0,19.41738527085603,5.02,2.06,2020-11-13 08:00:00.000,2020-11-13 08:00:00,70.0,5.02,102510.0,2.06,19.444460000000003,167.32315608064002,1605250800.0,127.16122961525984,5.537630230668477,147.9815411433587
2020-11-13 09:00:00+00:00,55.555600000000005,0.0,55.33458180290635,5.52,2.06,2020-11-13 09:00:00.000,2020-11-13 09:00:00,200.0,5.52,102500.0,2.06,55.555600000000005,478.06616023040004,1605254400.0,415.0330208023234,6.995130388341711,436.6424548030427
2020-11-13 10:00:00+00:00,105.55564000000001,0.0,104.75776430849191,6.62,2.06,2020-11-13 10:00:00.000,2020-11-13 10:00:00,380.0,6.62,102460.0,2.06,105.55564000000001,908.32570443776,1605258000.0,814.516129047196,9.412716278418124,837.6880960768169
2020-11-13 11:00:00+00:00,138.889,0.0,137.50763626816465,7.52,2.06,2020-11-13 11:00:00.000,2020-11-13 11:00:00,500.0,7.52,102420.0,2.06,138.889,1195.165400576,1605261600.0,1077.3979906370562,11.185827156312328,1101.988237013825
2020-11-13 12:00:00+00:00,147.22234,0.0,145.67023971090978,8.22,2.06,2020-11-13 12:00:00.000,2020-11-13 12:00:00,530.0,8.22,102350.0,2.06,147.22234,1266.87532461056,1605265200.0,1140.514261068171,12.103444911349623,1165.4757899933022
2020-11-13 13:00:00+00:00,138.889,0.0,137.50763626816465,8.52,2.06,2020-11-13 13:00:00.000,2020-11-13 13:00:00,500.0,8.52,102320.0,2.06,138.889,1195.165400576,1605268800.0,1073.2566572406306,12.185827156312328,1097.7915768411663
2020-11-13 14:00:00+00:00,97.2223,0.0,96.54543177140067,8.62,2.06,2020-11-13 14:00:00.000,2020-11-13 14:00:00,350.0,8.62,102300.0,2.06,97.2223,836.6157804032,1605272400.0,741.7779610289382,11.193778594508313,764.549309357266
2020-11-13 15:00:00+00:00,47.222260000000006,0.0,47.222260000000006,8.32,2.06,2020-11-13 15:00:00.000,2020-11-13 15:00:00,170.0,8.32,102320.0,2.06,47.222260000000006,406.35623619584004,1605276000.0,345.22218222595495,9.578847228053299,366.54482418334686
2020-11-13 16:00:00+00:00,5.555560000000001,0.0,5.555560000000001,7.52,1.54,2020-11-13 16:00:00.000,2020-11-13 16:00:00,20.0,7.52,102340.0,1.54,5.555560000000001,47.80661602304,1605279600.0,19.417239513381134,7.673344016554658,39.75785550773803
2020-11-13 17:00:00+00:00,0.0,0.0,0.0,7.02,1.54,2020-11-13 17:00:00.000,2020-11-13 17:00:00,0.0,7.02,102360.0,1.54,0.0,0.0,1605283200.0,-3.0,7.02,0.0
2020-11-13 18:00:00+00:00,0.0,0.0,0.0,6.52,1.54,2020-11-13 18:00:00.000,2020-11-13 18:00:00,0.0,6.52,102370.0,1.54,0.0,0.0,1605286800.0,-3.0,6.52,-0.0
2020-11-13 19:00:00+00:00,0.0,0.0,0.0,6.02,1.54,2020-11-13 19:00:00.000,2020-11-13 19:00:00,0.0,6.02,102410.0,1.54,0.0,0.0,1605290400.0,-3.0,6.02,-0.0
2020-11-13 20:00:00+00:00,0.0,0.0,0.0,5.72,1.54,2020-11-13 20:00:00.000,2020-11-13 20:00:00,0.0,5.72,102430.0,1.54,0.0,0.0,1605294000.0,-3.0,5.72,0.0
2020-11-13 21:00:00+00:00,0.0,0.0,0.0,5.52,1.54,2020-11-13 21:00:00.000,2020-11-13 21:00:00,0.0,5.52,102460.0,1.54,0.0,0.0,1605297600.0,-3.0,5.52,0.0
2020-11-13 22:00:00+00:00,0.0,0.0,0.0,5.32,1.54,2020-11-13 22:00:00.000,2020-11-13 22:00:00,0.0,5.32,102460.0,1.54,0.0,0.0,1605301200.0,-3.0,5.32,0.0
2020-11-13 23:00:00+00:00,0.0,0.0,0.0,5.22,1.54,2020-11-13 23:00:00.000,2020-11-13 23:00:00,0.0,5.22,102480.0,1.54,0.0,0.0,1605304800.0,-3.0,5.22,0.0
2020-11-14 00:00:00+00:00,0.0,0.0,0.0,5.02,2.06,2020-11-14 00:00:00.000,2020-11-14 00:00:00,0.0,5.02,102470.0,2.06,0.0,0.0,1605308400.0,-3.0,5.02,0.0
2020-11-14 01:00:00+00:00,0.0,0.0,0.0,4.92,2.06,2020-11-14 01:00:00.000,2020-11-14 01:00:00,0.0,4.92,102480.0,2.06,0.0,0.0,1605312000.0,-3.0,4.92,0.0
2020-11-14 02:00:00+00:00,0.0,0.0,0.0,4.92,2.06,2020-11-14 02:00:00.000,2020-11-14 02:00:00,0.0,4.92,102470.0,2.06,0.0,0.0,1605315600.0,-3.0,4.92,0.0
2020-11-14 03:00:00+00:00,0.0,0.0,0.0,4.92,2.06,2020-11-14 03:00:00.000,2020-11-14 03:00:00,0.0,4.92,102490.0,2.06,0.0,0.0,1605319200.0,-3.0,4.92,0.0
2020-11-14 04:00:00+00:00,0.0,0.0,0.0,4.92,2.06,2020-11-14 04:00:00.000,2020-11-14 04:00:00,0.0,4.92,102500.0,2.06,0.0,0.0,1605322800.0,-3.0,4.92,0.0
2020-11-14 05:00:00+00:00,0.0,0.0,0.0,5.02,2.06,2020-11-14 05:00:00.000,2020-11-14 05:00:00,0.0,5.02,102500.0,2.06,0.0,0.0,1605326400.0,-3.0,5.02,0.0
2020-11-14 06:00:00+00:00,0.0,0.0,0.0,5.02,2.06,2020-11-14 06:00:00.000,2020-11-14 06:00:00,0.0,5.02,102500.0,2.06,0.0,0.0,1605330000.0,-3.0,5.02,0.0
2020-11-14 07:00:00+00:00,0.0,0.0,0.0,5.22,2.06,2020-11-14 07:00:00.000,2020-11-14 07:00:00,0.0,5.22,102530.0,2.06,0.0,0.0,1605333600.0,-3.0,5.22,0.0
2020-11-14 08:00:00+00:00,16.666680000000003,0.0,16.646797491593965,5.62,2.06,2020-11-14 08:00:00.000,2020-11-14 08:00:00,60.0,5.62,102540.0,2.06,16.666680000000003,143.41984806912,1605337200.0,105.04345809098507,6.063771292431137,125.78503786130764
2020-11-14 09:00:00+00:00,52.777820000000006,0.0,52.57844262403947,6.32,2.06,2020-11-14 09:00:00.000,2020-11-14 09:00:00,190.0,6.32,102550.0,2.06,52.777820000000006,454.16285221888,1605340800.0,391.3856939989831,7.721654950449187,412.89873226458684
2020-11-14 10:00:00+00:00,97.2223,0.0,96.54574242229458,7.02,2.06,2020-11-14 10:00:00.000,2020-11-14 10:00:00,350.0,7.02,102510.0,2.06,97.2223,836.6157804032,1605344400.0,746.4886370099237,9.593786839924594,769.3273012858389
2020-11-14 11:00:00+00:00,127.77788000000001,0.0,126.60923033924517,7.82,2.06,2020-11-14 11:00:00.000,2020-11-14 11:00:00,460.0,7.82,102470.0,2.06,127.77788000000001,1099.55216852992,1605348000.0,987.8422610327641,11.195273747752394,1011.8952882757173
2020-11-14 12:00:00+00:00,133.33344000000002,0.0,132.06095946201364,8.32,2.06,2020-11-14 12:00:00.000,2020-11-14 12:00:00,480.0,8.32,102390.0,2.06,133.33344000000002,1147.35878455296,1605351600.0,1030.0372179101971,11.840617502304081,1054.316243261132
2020-11-14 13:00:00+00:00,122.22232000000001,0.0,121.15308288127535,8.62,2.06,2020-11-14 13:00:00.000,2020-11-14 13:00:00,440.0,8.62,102360.0,2.06,122.22232000000001,1051.7455525068801,1605355200.0,940.6836827950707,11.849812720037432,964.449080604808
2020-11-14 14:00:00+00:00,86.11118,0.0,85.58042748393885,8.72,2.06,2020-11-14 14:00:00.000,2020-11-14 14:00:00,310.0,8.72,102320.0,2.06,86.11118,741.00254835712,1605358800.0,652.9519130743205,11.001457506535385,675.3374538122025
2020-11-14 15:00:00+00:00,41.666700000000006,0.0,41.666700000000006,8.52,2.06,2020-11-14 15:00:00.000,2020-11-14 15:00:00,150.0,8.52,102310.0,2.06,41.666700000000006,358.5496201728,1605362400.0,300.59050395219913,9.630747554164675,321.7822195371104
2020-11-14 16:00:00+00:00,5.555560000000001,0.0,5.555560000000001,7.82,1.54,2020-11-14 16:00:00.000,2020-11-14 16:00:00,20.0,7.82,102330.0,1.54,5.555560000000001,47.80661602304,1605366000.0,19.367406561605197,7.973344016554659,39.700843701921166
2020-11-14 17:00:00+00:00,0.0,0.0,0.0,7.22,1.54,2020-11-14 17:00:00.000,2020-11-14 17:00:00,0.0,7.22,102350.0,1.54,0.0,0.0,1605369600.0,-3.0,7.22,-0.0
2020-11-14 18:00:00+00:00,0.0,0.0,0.0,6.62,1.54,2020-11-14 18:00:00.000,2020-11-14 18:00:00,0.0,6.62,102360.0,1.54,0.0,0.0,1605373200.0,-3.0,6.62,0.0
2020-11-14 19:00:00+00:00,0.0,0.0,0.0,5.92,1.54,2020-11-14 19:00:00.000,2020-11-14 19:00:00,0.0,5.92,102380.0,1.54,0.0,0.0,1605376800.0,-3.0,5.92,0.0
2020-11-14 20:00:00+00:00,0.0,0.0,0.0,5.62,1.54,2020-11-14 20:00:00.000,2020-11-14 20:00:00,0.0,5.62,102400.0,1.54,0.0,0.0,1605380400.0,-3.0,5.62,0.0
2020-11-14 21:00:00+00:00,0.0,0.0,0.0,5.22,1.54,2020-11-14 21:00:00.000,2020-11-14 21:00:00,0.0,5.22,102420.0,1.54,0.0,0.0,1605384000.0,-3.0,5.22,0.0
2020-11-14 22:00:00+00:00,0.0,0.0,0.0,5.02,1.54,2020-11-14 22:00:00.000,2020-11-14 22:00:00,0.0,5.02,102430.0,1.54,0.0,0.0,1605387600.0,-3.0,5.02,0.0
2020-11-14 23:00:00+00:00,0.0,0.0,0.0,4.72,1.54,2020-11-14 23:00:00.000,2020-11-14 23:00:00,0.0,4.72,102430.0,1.54,0.0,0.0,1605391200.0,-3.0,4.72,0.0
2020-11-15 00:00:00+00:00,0.0,0.0,0.0,4.62,1.54,2020-11-15 00:00:00.000,2020-11-15 00:00:00,0.0,4.62,102390.0,1.54,0.0,0.0,1605394800.0,-3.0,4.62,-0.0
2020-11-15 01:00:00+00:00,0.0,0.0,0.0,4.32,1.54,2020-11-15 01:00:00.000,2020-11-15 01:00:00,0.0,4.32,102390.0,1.54,0.0,0.0,1605398400.0,-3.0,4.32,0.0
2020-11-15 02:00:00+00:00,0.0,0.0,0.0,4.12,1.54,2020-11-15 02:00:00.000,2020-11-15 02:00:00,0.0,4.12,102360.0,1.54,0.0,0.0,1605402000.0,-3.0,4.12,-0.0
2020-11-15 03:00:00+00:00,0.0,0.0,0.0,4.12,1.54,2020-11-15 03:00:00.000,2020-11-15 03:00:00,0.0,4.12,102340.0,1.54,0.0,0.0,1605405600.0,-3.0,4.12,-0.0
2020-11-15 04:00:00+00:00,0.0,0.0,0.0,4.02,1.54,2020-11-15 04:00:00.000,2020-11-15 04:00:00,0.0,4.02,102310.0,1.54,0.0,0.0,1605409200.0,-3.0,4.02,0.0
2020-11-15 05:00:00+00:00,0.0,0.0,0.0,4.02,1.54,2020-11-15 05:00:00.000,2020-11-15 05:00:00,0.0,4.02,102340.0,1.54,0.0,0.0,1605412800.0,-3.0,4.02,0.0
2020-11-15 06:00:00+00:00,0.0,0.0,0.0,4.02,1.54,2020-11-15 06:00:00.000,2020-11-15 06:00:00,0.0,4.02,102320.0,1.54,0.0,0.0,1605416400.0,-3.0,4.02,0.0
2020-11-15 07:00:00+00:00,0.0,0.0,0.0,4.12,1.54,2020-11-15 07:00:00.000,2020-11-15 07:00:00,0.0,4.12,102330.0,1.54,0.0,0.0,1605420000.0,-3.0,4.12,-0.0
2020-11-15 08:00:00+00:00,19.444460000000003,0.0,19.417409937230868,4.22,2.06,2020-11-15 08:00:00.000,2020-11-15 08:00:00,70.0,4.22,102350.0,2.06,19.444460000000003,167.32315608064002,1605423600.0,127.6464520847488,4.737630885372947,148.48993142835178
2020-11-15 09:00:00+00:00,61.111160000000005,0.0,60.843971624892625,5.12,2.06,2020-11-15 09:00:00.000,2020-11-15 09:00:00,220.0,5.12,102320.0,2.06,61.111160000000005,525.8727762534401,1605427200.0,460.5142638328304,6.742004595492785,482.28371566267236
2020-11-15 10:00:00+00:00,108.33342,0.0,107.49376396996216,6.02,2.06,2020-11-15 10:00:00.000,2020-11-15 10:00:00,390.0,6.02,102290.0,2.06,108.33342,932.2290124492799,1605430800.0,838.7464260927027,8.8856571654438,862.0581417804341
2020-11-15 11:00:00+00:00,138.889,0.0,137.5088947566768,7.12,2.06,2020-11-15 11:00:00.000,2020-11-15 11:00:00,500.0,7.12,102230.0,2.06,138.889,1195.165400576,1605434400.0,1079.0623830452594,10.785860559601586,1103.6759030712847
2020-11-15 12:00:00+00:00,147.22234,0.0,145.67165374860204,8.32,2.57,2020-11-15 12:00:00.000,2020-11-15 12:00:00,530.0,8.32,102110.0,2.57,147.22234,1266.87532461056,1605438000.0,1140.649408776286,12.073719865494684,1165.6174307517551
2020-11-15 13:00:00+00:00,125.00010000000002,0.0,123.88221475290823,8.82,2.06,2020-11-15 13:00:00.000,2020-11-15 13:00:00,450.0,8.82,102080.0,2.06,125.00010000000002,1075.6488605184002,1605441600.0,961.9909326947023,12.122571319526688,985.8697636839657
2020-11-15 14:00:00+00:00,86.11118,0.0,85.58066754446656,9.02,2.06,2020-11-15 14:00:00.000,2020-11-15 14:00:00,310.0,9.02,102040.0,2.06,86.11118,741.00254835712,1605445200.0,652.1716808714876,11.301463878314841,674.5424415772168
2020-11-15 15:00:00+00:00,38.888920000000006,0.0,38.888920000000006,8.72,2.06,2020-11-15 15:00:00.000,2020-11-15 15:00:00,140.0,8.72,102020.0,2.06,38.888920000000006,334.64631216128004,1605448800.0,278.23815594745975,9.756697717220364,299.36024886106
2020-11-15 16:00:00+00:00,2.7777800000000004,0.0,2.7777800000000004,8.42,2.06,2020-11-15 16:00:00.000,2020-11-15 16:00:00,10.0,8.42,102000.0,2.06,2.7777800000000004,23.90330801152,1605452400.0,-3.0,8.494049836944312,19.18525545836116
2020-11-15 17:00:00+00:00,0.0,0.0,0.0,7.82,2.06,2020-11-15 17:00:00.000,2020-11-15 17:00:00,0.0,7.82,102030.0,2.06,0.0,0.0,1605456000.0,-3.0,7.82,0.0
2020-11-15 18:00:00+00:00,0.0,0.0,0.0,7.12,2.06,2020-11-15 18:00:00.000,2020-11-15 18:00:00,0.0,7.12,102030.0,2.06,0.0,0.0,1605459600.0,-3.0,7.12,0.0
2020-11-15 19:00:00+00:00,0.0,0.0,0.0,6.52,1.54,2020-11-15 19:00:00.000,2020-11-15 19:00:00,0.0,6.52,102040.0,1.54,0.0,0.0,1605463200.0,-3.0,6.52,-0.0
2020-11-15 20:00:00+00:00,0.0,0.0,0.0,6.22,2.06,2020-11-15 20:00:00.000,2020-11-15 20:00:00,0.0,6.22,102060.0,2.06,0.0,0.0,1605466800.0,-3.0,6.22,-0.0
2020-11-15 21:00:00+00:00,0.0,0.0,0.0,6.12,2.06,2020-11-15 21:00:00.000,2020-11-15 21:00:00,0.0,6.12,102080.0,2.06,0.0,0.0,1605470400.0,-3.0,6.12,0.0
2020-11-15 22:00:00+00:00,0.0,0.0,0.0,5.92,2.06,2020-11-15 22:00:00.000,2020-11-15 22:00:00,0.0,5.92,102090.0,2.06,0.0,0.0,1605474000.0,-3.0,5.92,0.0
2020-11-15 23:00:00+00:00,0.0,0.0,0.0,5.82,2.06,2020-11-15 23:00:00.000,2020-11-15 23:00:00,0.0,5.82,102110.0,2.06,0.0,0.0,1605477600.0,-3.0,5.82,0.0
2020-11-16 00:00:00+00:00,0.0,0.0,0.0,5.82,2.06,2020-11-16 00:00:00.000,2020-11-16 00:00:00,0.0,5.82,102140.0,2.06,0.0,0.0,1605481200.0,-3.0,5.82,0.0
2020-11-16 01:00:00+00:00,0.0,0.0,0.0,5.82,2.06,2020-11-16 01:00:00.000,2020-11-16 01:00:00,0.0,5.82,102190.0,2.06,0.0,0.0,1605484800.0,-3.0,5.82,0.0
2020-11-16 02:00:00+00:00,0.0,0.0,0.0,5.42,2.06,2020-11-16 02:00:00.000,2020-11-16 02:00:00,0.0,5.42,102240.0,2.06,0.0,0.0,1605488400.0,-3.0,5.42,0.0
2020-11-16 03:00:00+00:00,0.0,0.0,0.0,5.22,2.06,2020-11-16 03:00:00.000,2020-11-16 03:00:00,0.0,5.22,102270.0,2.06,0.0,0.0,1605492000.0,-3.0,5.22,0.0
2020-11-16 04:00:00+00:00,0.0,0.0,0.0,5.22,2.06,2020-11-16 04:00:00.000,2020-11-16 04:00:00,0.0,5.22,102270.0,2.06,0.0,0.0,1605495600.0,-3.0,5.22,0.0
2020-11-16 05:00:00+00:00,0.0,0.0,0.0,5.12,2.06,2020-11-16 05:00:00.000,2020-11-16 05:00:00,0.0,5.12,102260.0,2.06,0.0,0.0,1605499200.0,-3.0,5.12,0.0
2020-11-16 06:00:00+00:00,0.0,0.0,0.0,4.82,2.06,2020-11-16 06:00:00.000,2020-11-16 06:00:00,0.0,4.82,102280.0,2.06,0.0,0.0,1605502800.0,-3.0,4.82,0.0
2020-11-16 07:00:00+00:00,0.0,0.0,0.0,4.92,2.06,2020-11-16 07:00:00.000,2020-11-16 07:00:00,0.0,4.92,102320.0,2.06,0.0,0.0,1605506400.0,-3.0,4.92,0.0
2020-11-16 08:00:00+00:00,19.444460000000003,0.0,19.417421988160402,5.52,2.06,2020-11-16 08:00:00.000,2020-11-16 08:00:00,70.0,5.52,102350.0,2.06,19.444460000000003,167.32315608064002,1605510000.0,126.8557823953592,6.037631205233383,147.6640217527101
2020-11-16 09:00:00+00:00,58.333380000000005,0.0,58.09003789344359,6.02,2.57,2020-11-16 09:00:00.000,2020-11-16 09:00:00,210.0,6.02,102380.0,2.57,58.333380000000005,501.96946824192,1605513600.0,436.5878293804441,7.516843227882241,458.2560781974841
2020-11-16 10:00:00+00:00,105.55564000000001,0.0,104.75884634497177,6.62,2.57,2020-11-16 10:00:00.000,2020-11-16 10:00:00,380.0,6.62,102370.0,2.57,105.55564000000001,908.32570443776,1605517200.0,814.8223712185895,9.319428292077015,837.998106162207
2020-11-16 11:00:00+00:00,138.889,0.0,137.50950960002035,7.82,3.09,2020-11-16 11:00:00.000,2020-11-16 11:00:00,500.0,7.82,102370.0,3.09,138.889,1195.165400576,1605520800.0,1077.1752132273684,11.243223800293796,1101.7626502585601
2020-11-16 12:00:00+00:00,147.22234,0.0,145.67234458658285,7.92,3.09,2020-11-16 12:00:00.000,2020-11-16 12:00:00,530.0,7.92,102340.0,3.09,147.22234,1266.87532461056,1605524400.0,1142.9680554533343,11.546442659298489,1167.9643957796466
2020-11-16 13:00:00+00:00,125.00010000000002,0.0,123.8827127760165,8.52,3.09,2020-11-16 13:00:00.000,2020-11-16 13:00:00,450.0,8.52,102320.0,3.09,125.00010000000002,1075.6488605184002,1605528000.0,963.9413022222334,11.603978640565742,987.8438734498067
2020-11-16 14:00:00+00:00,86.11118,0.0,85.58090389024782,8.62,2.57,2020-11-16 14:00:00.000,2020-11-16 14:00:00,310.0,8.62,102320.0,2.57,86.11118,741.00254835712,1605531600.0,653.4185236727413,10.825237169286327,675.8101865767272
2020-11-16 15:00:00+00:00,36.111140000000006,0.0,36.111140000000006,8.32,2.57,2020-11-16 15:00:00.000,2020-11-16 15:00:00,130.0,8.32,102340.0,2.57,36.111140000000006,310.74300414976005,1605535200.0,256.66921407359365,9.250481989925396,277.7473712220801
2020-11-16 16:00:00+00:00,2.7777800000000004,0.0,2.7777800000000004,7.92,2.57,2020-11-16 16:00:00.000,2020-11-16 16:00:00,10.0,7.92,102380.0,2.57,2.7777800000000004,23.90330801152,1605538800.0,-3.0,7.991575537686569,19.234049049596514
2020-11-16 17:00:00+00:00,0.0,0.0,0.0,7.32,2.06,2020-11-16 17:00:00.000,2020-11-16 17:00:00,0.0,7.32,102410.0,2.06,0.0,0.0,1605542400.0,-3.0,7.32,0.0
2020-11-16 18:00:00+00:00,0.0,0.0,0.0,6.82,2.06,2020-11-16 18:00:00.000,2020-11-16 18:00:00,0.0,6.82,102440.0,2.06,0.0,0.0,1605546000.0,-3.0,6.82,0.0
2020-11-16 19:00:00+00:00,0.0,0.0,0.0,6.42,2.06,2020-11-16 19:00:00.000,2020-11-16 19:00:00,0.0,6.42,102480.0,2.06,0.0,0.0,1605549600.0,-3.0,6.42,0.0
2020-11-16 20:00:00+00:00,0.0,0.0,0.0,6.12,2.06,2020-11-16 20:00:00.000,2020-11-16 20:00:00,0.0,6.12,102510.0,2.06,0.0,0.0,1605553200.0,-3.0,6.12,0.0
2020-11-16 21:00:00+00:00,0.0,0.0,0.0,5.92,2.06,2020-11-16 21:00:00.000,2020-11-16 21:00:00,0.0,5.92,102490.0,2.06,0.0,0.0,1605556800.0,-3.0,5.92,0.0
2020-11-16 22:00:00+00:00,0.0,0.0,0.0,5.62,2.06,2020-11-16 22:00:00.000,2020-11-16 22:00:00,0.0,5.62,102510.0,2.06,0.0,0.0,1605560400.0,-3.0,5.62,0.0
2020-11-16 23:00:00+00:00,0.0,0.0,0.0,5.52,2.06,2020-11-16 23:00:00.000,2020-11-16 23:00:00,0.0,5.52,102500.0,2.06,0.0,0.0,1605564000.0,-3.0,5.52,0.0
2020-11-17 00:00:00+00:00,0.0,0.0,0.0,5.42,2.06,2020-11-17 00:00:00.000,2020-11-17 00:00:00,0.0,5.42,102530.0,2.06,0.0,0.0,1605567600.0,-3.0,5.42,0.0
2020-11-17 01:00:00+00:00,0.0,0.0,0.0,5.42,2.06,2020-11-17 01:00:00.000,2020-11-17 01:00:00,0.0,5.42,102530.0,2.06,0.0,0.0,1605571200.0,-3.0,5.42,0.0
2020-11-17 02:00:00+00:00,0.0,0.0,0.0,5.42,2.06,2020-11-17 02:00:00.000,2020-11-17 02:00:00,0.0,5.42,102530.0,2.06,0.0,0.0,1605574800.0,-3.0,5.42,0.0
2020-11-17 03:00:00+00:00,0.0,0.0,0.0,5.12,2.06,2020-11-17 03:00:00.000,2020-11-17 03:00:00,0.0,5.12,102520.0,2.06,0.0,0.0,1605578400.0,-3.0,5.12,0.0
2020-11-17 04:00:00+00:00,0.0,0.0,0.0,5.12,2.06,2020-11-17 04:00:00.000,2020-11-17 04:00:00,0.0,5.12,102510.0,2.06,0.0,0.0,1605582000.0,-3.0,5.12,0.0
2020-11-17 05:00:00+00:00,0.0,0.0,0.0,5.02,2.06,2020-11-17 05:00:00.000,2020-11-17 05:00:00,0.0,5.02,102500.0,2.06,0.0,0.0,1605585600.0,-3.0,5.02,0.0
2020-11-17 06:00:00+00:00,0.0,0.0,0.0,4.82,2.06,2020-11-17 06:00:00.000,2020-11-17 06:00:00,0.0,4.82,102500.0,2.06,0.0,0.0,1605589200.0,-3.0,4.82,0.0
2020-11-17 07:00:00+00:00,0.0,0.0,0.0,4.72,2.06,2020-11-17 07:00:00.000,2020-11-17 07:00:00,0.0,4.72,102520.0,2.06,0.0,0.0,1605592800.0,-3.0,4.72,0.0
2020-11-17 08:00:00+00:00,16.666680000000003,0.0,16.646824050140545,4.92,2.57,2020-11-17 08:00:00.000,2020-11-17 08:00:00,60.0,4.92,102520.0,2.57,16.666680000000003,143.41984806912,1605596400.0,105.41415331279259,5.348943811787925,126.17668442973137
2020-11-17 09:00:00+00:00,58.333380000000005,0.0,58.090144614221636,5.32,2.57,2020-11-17 09:00:00.000,2020-11-17 09:00:00,210.0,5.32,102510.0,2.57,58.333380000000005,501.96946824192,1605600000.0,437.8456487416805,6.816845965857215,459.53679013886955
2020-11-17 10:00:00+00:00,102.77786,0.0,102.02278235117781,6.32,2.57,2020-11-17 10:00:00.000,2020-11-17 10:00:00,370.0,6.32,102500.0,2.57,102.77786,884.42239642624,1605603600.0,793.4589695244489,8.9489229994084,816.542475464236
2020-11-17 11:00:00+00:00,130.55566000000002,0.0,129.33727685445712,7.02,3.09,2020-11-17 11:00:00.000,2020-11-17 11:00:00,470.0,7.02,102450.0,3.09,130.55566000000002,1123.45547654144,1605607200.0,1013.9640707480593,10.239772013287542,1038.198822696387
2020-11-17 12:00:00+00:00,138.889,0.0,137.51011459309316,7.42,3.09,2020-11-17 12:00:00.000,2020-11-17 12:00:00,500.0,7.42,102410.0,3.09,138.889,1195.165400576,1605610800.0,1078.8386364478738,10.84323879533968,1103.4463517273043
2020-11-17 13:00:00+00:00,122.22232000000001,0.0,121.15451114089133,7.82,3.09,2020-11-17 13:00:00.000,2020-11-17 13:00:00,440.0,7.82,102370.0,3.09,122.22232000000001,1051.7455525068801,1605614400.0,944.4125730176752,10.836059161575628,968.2263949405715
2020-11-17 14:00:00+00:00,83.33340000000001,0.0,82.83700125351355,8.02,3.09,2020-11-17 14:00:00.000,2020-11-17 14:00:00,300.0,8.02,102340.0,3.09,83.33340000000001,717.0992403456,1605618000.0,632.9665784498753,10.082145599196329,655.2925187436144
2020-11-17 15:00:00+00:00,33.333360000000006,0.0,33.333360000000006,7.82,2.57,2020-11-17 15:00:00.000,2020-11-17 15:00:00,120.0,7.82,102350.0,2.57,33.333360000000006,286.83969613824,1605621600.0,235.1465410284924,8.678906452238826,256.17929317734
2020-11-17 16:00:00+00:00,2.7777800000000004,0.0,2.7777800000000004,7.22,2.57,2020-11-17 16:00:00.000,2020-11-17 16:00:00,10.0,7.22,102360.0,2.57,2.7777800000000004,23.90330801152,1605625200.0,-3.0,7.291575537686569,19.302065953387007
2020-11-17 17:00:00+00:00,0.0,0.0,0.0,6.62,2.57,2020-11-17 17:00:00.000,2020-11-17 17:00:00,0.0,6.62,102370.0,2.57,0.0,0.0,1605628800.0,-3.0,6.62,0.0
2020-11-17 18:00:00+00:00,0.0,0.0,0.0,6.12,2.06,2020-11-17 18:00:00.000,2020-11-17 18:00:00,0.0,6.12,102390.0,2.06,0.0,0.0,1605632400.0,-3.0,6.12,0.0
2020-11-17 19:00:00+00:00,0.0,0.0,0.0,5.82,2.06,2020-11-17 19:00:00.000,2020-11-17 19:00:00,0.0,5.82,102410.0,2.06,0.0,0.0,1605636000.0,-3.0,5.82,0.0
2020-11-17 20:00:00+00:00,0.0,0.0,0.0,5.62,2.06,2020-11-17 20:00:00.000,2020-11-17 20:00:00,0.0,5.62,102430.0,2.06,0.0,0.0,1605639600.0,-3.0,5.62,0.0
2020-11-17 21:00:00+00:00,0.0,0.0,0.0,5.32,2.06,2020-11-17 21:00:00.000,2020-11-17 21:00:00,0.0,5.32,102430.0,2.06,0.0,0.0,1605643200.0,-3.0,5.32,0.0
2020-11-17 22:00:00+00:00,0.0,0.0,0.0,5.22,2.06,2020-11-17 22:00:00.000,2020-11-17 22:00:00,0.0,5.22,102430.0,2.06,0.0,0.0,1605646800.0,-3.0,5.22,0.0
2020-11-17 23:00:00+00:00,0.0,0.0,0.0,5.02,2.06,2020-11-17 23:00:00.000,2020-11-17 23:00:00,0.0,5.02,102430.0,2.06,0.0,0.0,1605650400.0,-3.0,5.02,0.0
2020-11-18 00:00:00+00:00,0.0,0.0,0.0,5.02,2.06,2020-11-18 00:00:00.000,2020-11-18 00:00:00,0.0,5.02,102450.0,2.06,0.0,0.0,1605654000.0,-3.0,5.02,0.0
2020-11-18 01:00:00+00:00,0.0,0.0,0.0,4.72,2.06,2020-11-18 01:00:00.000,2020-11-18 01:00:00,0.0,4.72,102480.0,2.06,0.0,0.0,1605657600.0,-3.0,4.72,0.0
2020-11-18 02:00:00+00:00,0.0,0.0,0.0,4.72,2.06,2020-11-18 02:00:00.000,2020-11-18 02:00:00,0.0,4.72,102490.0,2.06,0.0,0.0,1605661200.0,-3.0,4.72,0.0
2020-11-18 03:00:00+00:00,0.0,0.0,0.0,4.42,2.06,2020-11-18 03:00:00.000,2020-11-18 03:00:00,0.0,4.42,102460.0,2.06,0.0,0.0,1605664800.0,-3.0,4.42,0.0
2020-11-18 04:00:00+00:00,0.0,0.0,0.0,4.32,2.06,2020-11-18 04:00:00.000,2020-11-18 04:00:00,0.0,4.32,102470.0,2.06,0.0,0.0,1605668400.0,-3.0,4.32,0.0
2020-11-18 05:00:00+00:00,0.0,0.0,0.0,4.42,2.06,2020-11-18 05:00:00.000,2020-11-18 05:00:00,0.0,4.42,102390.0,2.06,0.0,0.0,1605672000.0,-3.0,4.42,0.0
2020-11-18 06:00:00+00:00,0.0,0.0,0.0,4.32,2.06,2020-11-18 06:00:00.000,2020-11-18 06:00:00,0.0,4.32,102390.0,2.06,0.0,0.0,1605675600.0,-3.0,4.32,0.0
2020-11-18 07:00:00+00:00,0.0,0.0,0.0,4.32,2.06,2020-11-18 07:00:00.000,2020-11-18 07:00:00,0.0,4.32,102420.0,2.06,0.0,0.0,1605679200.0,-3.0,4.32,0.0
2020-11-18 08:00:00+00:00,16.666680000000003,0.0,16.64683261755383,4.52,2.06,2020-11-18 08:00:00.000,2020-11-18 08:00:00,60.0,4.52,102420.0,2.06,16.666680000000003,143.41984806912,1605682800.0,105.61592028033242,4.96377222475796,126.38769649646981
2020-11-18 09:00:00+00:00,55.555600000000005,0.0,55.335073528375865,5.02,2.57,2020-11-18 09:00:00.000,2020-11-18 09:00:00,200.0,5.02,102420.0,2.57,55.555600000000005,478.06616023040004,1605686400.0,415.9767762372318,6.445853036729018,437.6044735402643
2020-11-18 10:00:00+00:00,97.2223,0.0,96.54693768065107,5.42,2.57,2020-11-18 10:00:00.000,2020-11-18 10:00:00,350.0,5.42,102400.0,2.57,97.2223,836.6157804032,1605690000.0,751.4565937655924,7.907817060710183,774.3660715179249
2020-11-18 11:00:00+00:00,127.77788000000001,0.0,126.61129496510829,6.32,2.57,2020-11-18 11:00:00.000,2020-11-18 11:00:00,460.0,6.32,102360.0,2.57,127.77788000000001,1099.55216852992,1605693600.0,994.0209737270075,9.582545410639685,1018.1590339278735
2020-11-18 12:00:00+00:00,133.33344000000002,0.0,132.06320752344496,7.02,3.09,2020-11-18 12:00:00.000,2020-11-18 12:00:00,480.0,7.02,102340.0,3.09,133.33344000000002,1147.35878455296,1605697200.0,1036.1532753205756,10.30763520528371,1060.5194139380196
2020-11-18 13:00:00+00:00,113.88898,0.0,112.96221750299954,7.22,3.09,2020-11-18 13:00:00.000,2020-11-18 13:00:00,410.0,7.22,102300.0,3.09,113.88898,980.03562847232,1605700800.0,879.9456203804477,10.032110155651614,903.4366991340414
2020-11-18 14:00:00+00:00,75.00006,0.0,74.598150505465,7.12,2.57,2020-11-18 14:00:00.000,2020-11-18 14:00:00,270.0,7.12,102280.0,2.57,75.00006,645.38931631104,1605704400.0,568.2145913287009,9.042228328300558,590.3120779056072
2020-11-18 15:00:00+00:00,30.555580000000003,0.0,30.555580000000003,7.22,2.57,2020-11-18 15:00:00.000,2020-11-18 15:00:00,110.0,7.22,102260.0,2.57,30.555580000000003,262.93638812672003,1605708000.0,213.68505639914778,8.007330914552256,234.67797161240827
2020-11-18 16:00:00+00:00,2.7777800000000004,0.0,2.7777800000000004,6.72,2.57,2020-11-18 16:00:00.000,2020-11-18 16:00:00,10.0,6.72,102270.0,2.57,2.7777800000000004,23.90330801152,1605711600.0,-3.0,6.791575537686569,19.350630107327866
2020-11-18 17:00:00+00:00,0.0,0.0,0.0,6.12,2.57,2020-11-18 17:00:00.000,2020-11-18 17:00:00,0.0,6.12,102280.0,2.57,0.0,0.0,1605715200.0,-3.0,6.12,0.0
2020-11-18 18:00:00+00:00,0.0,0.0,0.0,5.72,2.57,2020-11-18 18:00:00.000,2020-11-18 18:00:00,0.0,5.72,102310.0,2.57,0.0,0.0,1605718800.0,-3.0,5.72,0.0
2020-11-18 19:00:00+00:00,0.0,0.0,0.0,5.42,2.57,2020-11-18 19:00:00.000,2020-11-18 19:00:00,0.0,5.42,102330.0,2.57,0.0,0.0,1605722400.0,-3.0,5.42,0.0
2020-11-18 20:00:00+00:00,0.0,0.0,0.0,5.22,2.57,2020-11-18 20:00:00.000,2020-11-18 20:00:00,0.0,5.22,102340.0,2.57,0.0,0.0,1605726000.0,-3.0,5.22,0.0
2020-11-18 21:00:00+00:00,0.0,0.0,0.0,5.02,2.57,2020-11-18 21:00:00.000,2020-11-18 21:00:00,0.0,5.02,102310.0,2.57,0.0,0.0,1605729600.0,-3.0,5.02,0.0
2020-11-18 22:00:00+00:00,0.0,0.0,0.0,4.82,2.57,2020-11-18 22:00:00.000,2020-11-18 22:00:00,0.0,4.82,102310.0,2.57,0.0,0.0,1605733200.0,-3.0,4.82,0.0
2020-11-18 23:00:00+00:00,0.0,0.0,0.0,4.82,2.57,2020-11-18 23:00:00.000,2020-11-18 23:00:00,0.0,4.82,102300.0,2.57,0.0,0.0,1605736800.0,-3.0,4.82,0.0
2020-11-19 00:00:00+00:00,0.0,0.0,0.0,4.62,2.57,2020-11-19 00:00:00.000,2020-11-19 00:00:00,0.0,4.62,102270.0,2.57,0.0,0.0,1605740400.0,-3.0,4.62,-0.0
2020-11-19 01:00:00+00:00,0.0,0.0,0.0,4.42,2.57,2020-11-19 01:00:00.000,2020-11-19 01:00:00,0.0,4.42,102310.0,2.57,0.0,0.0,1605744000.0,-3.0,4.42,0.0
2020-11-19 02:00:00+00:00,0.0,0.0,0.0,4.52,2.57,2020-11-19 02:00:00.000,2020-11-19 02:00:00,0.0,4.52,102390.0,2.57,0.0,0.0,1605747600.0,-3.0,4.52,0.0
2020-11-19 03:00:00+00:00,0.0,0.0,0.0,4.32,2.57,2020-11-19 03:00:00.000,2020-11-19 03:00:00,0.0,4.32,102300.0,2.57,0.0,0.0,1605751200.0,-3.0,4.32,0.0
2020-11-19 04:00:00+00:00,0.0,0.0,0.0,4.32,2.57,2020-11-19 04:00:00.000,2020-11-19 04:00:00,0.0,4.32,102350.0,2.57,0.0,0.0,1605754800.0,-3.0,4.32,0.0
2020-11-19 05:00:00+00:00,0.0,0.0,0.0,4.22,2.57,2020-11-19 05:00:00.000,2020-11-19 05:00:00,0.0,4.22,102220.0,2.57,0.0,0.0,1605758400.0,-3.0,4.22,0.0
2020-11-19 06:00:00+00:00,0.0,0.0,0.0,4.02,2.57,2020-11-19 06:00:00.000,2020-11-19 06:00:00,0.0,4.02,102210.0,2.57,0.0,0.0,1605762000.0,-3.0,4.02,0.0
2020-11-19 07:00:00+00:00,0.0,0.0,0.0,4.02,2.57,2020-11-19 07:00:00.000,2020-11-19 07:00:00,0.0,4.02,102220.0,2.57,0.0,0.0,1605765600.0,-3.0,4.02,0.0
2020-11-19 08:00:00+00:00,16.666680000000003,0.0,16.646841037880712,4.22,2.57,2020-11-19 08:00:00.000,2020-11-19 08:00:00,60.0,4.22,102220.0,2.57,16.666680000000003,143.41984806912,1605769200.0,105.7768525561105,4.648944247616901,126.55999769875064
2020-11-19 09:00:00+00:00,55.555600000000005,0.0,55.33516708756343,4.52,2.57,2020-11-19 09:00:00.000,2020-11-19 09:00:00,200.0,4.52,102210.0,2.57,55.555600000000005,478.06616023040004,1605772800.0,416.83052108050526,5.9458554370367995,438.47669469387824
2020-11-19 10:00:00+00:00,94.44452000000001,0.0,93.80746888305829,5.12,2.57,2020-11-19 10:00:00.000,2020-11-19 10:00:00,340.0,5.12,102150.0,2.57,94.44452000000001,812.7124723916801,1605776400.0,729.9056737746694,7.537224416096015,752.7281568350626
2020-11-19 11:00:00+00:00,122.22232000000001,0.0,121.15542470380694,5.72,3.09,2020-11-19 11:00:00.000,2020-11-19 11:00:00,440.0,5.72,102120.0,3.09,122.22232000000001,1051.7455525068801,1605780000.0,952.1100742108391,8.736081804674287,976.0307627345078
2020-11-19 12:00:00+00:00,133.33344000000002,0.0,132.06374642436532,6.32,3.09,2020-11-19 12:00:00.000,2020-11-19 12:00:00,480.0,6.32,102070.0,3.09,133.33344000000002,1147.35878455296,1605783600.0,1038.9495028957972,9.607648562203634,1063.3498117212712
2020-11-19 13:00:00+00:00,113.88898,0.0,112.96261068548527,7.02,3.09,2020-11-19 13:00:00.000,2020-11-19 13:00:00,410.0,7.02,102030.0,3.09,113.88898,980.03562847232,1605787200.0,880.635151040781,9.832119900869666,904.1347213690694
2020-11-19 14:00:00+00:00,75.00006,0.0,74.59832101708433,7.12,3.09,2020-11-19 14:00:00.000,2020-11-19 14:00:00,270.0,7.12,102000.0,3.09,75.00006,645.38931631104,1605790800.0,568.365693699845,8.97704687899513,590.4652838838651
2020-11-19 15:00:00+00:00,30.555580000000003,0.0,30.555580000000003,6.82,2.57,2020-11-19 15:00:00.000,2020-11-19 15:00:00,110.0,6.82,101990.0,2.57,30.555580000000003,262.93638812672003,1605794400.0,214.06446715375665,7.607330914552257,235.07133985708145
2020-11-19 16:00:00+00:00,2.7777800000000004,0.0,2.7777800000000004,6.32,2.57,2020-11-19 16:00:00.000,2020-11-19 16:00:00,10.0,6.32,102000.0,2.57,2.7777800000000004,23.90330801152,1605798000.0,-3.0,6.3915755376865695,19.389479522917078
2020-11-19 17:00:00+00:00,0.0,0.0,0.0,5.72,2.57,2020-11-19 17:00:00.000,2020-11-19 17:00:00,0.0,5.72,102020.0,2.57,0.0,0.0,1605801600.0,-3.0,5.72,0.0
2020-11-19 18:00:00+00:00,0.0,0.0,0.0,5.42,2.06,2020-11-19 18:00:00.000,2020-11-19 18:00:00,0.0,5.42,102030.0,2.06,0.0,0.0,1605805200.0,-3.0,5.42,0.0
2020-11-19 19:00:00+00:00,0.0,0.0,0.0,5.02,2.06,2020-11-19 19:00:00.000,2020-11-19 19:00:00,0.0,5.02,102070.0,2.06,0.0,0.0,1605808800.0,-3.0,5.02,0.0
2020-11-19 20:00:00+00:00,0.0,0.0,0.0,4.82,2.06,2020-11-19 20:00:00.000,2020-11-19 20:00:00,0.0,4.82,102110.0,2.06,0.0,0.0,1605812400.0,-3.0,4.82,0.0
2020-11-19 21:00:00+00:00,0.0,0.0,0.0,4.42,2.06,2020-11-19 21:00:00.000,2020-11-19 21:00:00,0.0,4.42,102110.0,2.06,0.0,0.0,1605816000.0,-3.0,4.42,0.0
2020-11-19 22:00:00+00:00,0.0,0.0,0.0,4.42,2.06,2020-11-19 22:00:00.000,2020-11-19 22:00:00,0.0,4.42,102090.0,2.06,0.0,0.0,1605819600.0,-3.0,4.42,0.0
2020-11-19 23:00:00+00:00,0.0,0.0,0.0,4.32,2.06,2020-11-19 23:00:00.000,2020-11-19 23:00:00,0.0,4.32,102130.0,2.06,0.0,0.0,1605823200.0,-3.0,4.32,0.0
2020-11-20 00:00:00+00:00,0.0,0.0,0.0,4.02,2.06,2020-11-20 00:00:00.000,2020-11-20 00:00:00,0.0,4.02,102110.0,2.06,0.0,0.0,1605826800.0,-3.0,4.02,0.0
2020-11-20 01:00:00+00:00,0.0,0.0,0.0,3.82,2.06,2020-11-20 01:00:00.000,2020-11-20 01:00:00,0.0,3.82,102160.0,2.06,0.0,0.0,1605830400.0,-3.0,3.82,-0.0
2020-11-20 02:00:00+00:00,0.0,0.0,0.0,3.82,2.06,2020-11-20 02:00:00.000,2020-11-20 02:00:00,0.0,3.82,102250.0,2.06,0.0,0.0,1605834000.0,-3.0,3.82,-0.0
2020-11-20 03:00:00+00:00,0.0,0.0,0.0,3.72,2.06,2020-11-20 03:00:00.000,2020-11-20 03:00:00,0.0,3.72,102160.0,2.06,0.0,0.0,1605837600.0,-3.0,3.72,-0.0
2020-11-20 04:00:00+00:00,0.0,0.0,0.0,3.72,2.06,2020-11-20 04:00:00.000,2020-11-20 04:00:00,0.0,3.72,102230.0,2.06,0.0,0.0,1605841200.0,-3.0,3.72,-0.0
2020-11-20 05:00:00+00:00,0.0,0.0,0.0,3.72,2.06,2020-11-20 05:00:00.000,2020-11-20 05:00:00,0.0,3.72,102030.0,2.06,0.0,0.0,1605844800.0,-3.0,3.72,-0.0
2020-11-20 06:00:00+00:00,0.0,0.0,0.0,3.62,2.06,2020-11-20 06:00:00.000,2020-11-20 06:00:00,0.0,3.62,102020.0,2.06,0.0,0.0,1605848400.0,-3.0,3.62,0.0
2020-11-20 07:00:00+00:00,0.0,0.0,0.0,3.72,2.06,2020-11-20 07:00:00.000,2020-11-20 07:00:00,0.0,3.72,102040.0,2.06,0.0,0.0,1605852000.0,-3.0,3.72,-0.0
2020-11-20 08:00:00+00:00,13.888900000000001,0.0,13.875128686504285,4.02,2.57,2020-11-20 08:00:00.000,2020-11-20 08:00:00,50.0,4.02,102040.0,2.57,13.888900000000001,119.51654005760001,1605855600.0,84.10973234237912,4.37752437849261,104.8291735647548
2020-11-20 09:00:00+00:00,55.555600000000005,0.0,55.335258984068545,4.72,2.57,2020-11-20 09:00:00.000,2020-11-20 09:00:00,200.0,4.72,102040.0,2.57,55.555600000000005,478.06616023040004,1605859200.0,416.49270479835104,6.1458577946876325,438.1289561207649
2020-11-20 10:00:00+00:00,97.2223,0.0,96.5475056387099,5.02,2.57,2020-11-20 10:00:00.000,2020-11-20 10:00:00,350.0,5.02,102020.0,2.57,97.2223,836.6157804032,1605862800.0,752.634025264317,7.507831631958442,775.563153933597
2020-11-20 11:00:00+00:00,94.44452000000001,0.0,93.80773446395807,5.62,2.57,2020-11-20 11:00:00.000,2020-11-20 11:00:00,340.0,5.62,102070.0,2.57,94.44452000000001,812.7124723916801,1605866400.0,728.4808122595797,8.03723122970692,751.2803036360563
2020-11-20 12:00:00+00:00,105.55564000000001,0.0,104.76020893248743,5.92,2.57,2020-11-20 12:00:00.000,2020-11-20 12:00:00,380.0,5.92,102030.0,2.57,105.55564000000001,908.32570443776,1605870000.0,817.0595556214075,8.6194632499417,840.2678998785476
2020-11-20 13:00:00+00:00,91.66674,0.0,91.0668615841266,6.22,2.57,2020-11-20 13:00:00.000,2020-11-20 13:00:00,330.0,6.22,101970.0,2.57,91.66674,788.80916438016,1605873600.0,704.4146726975948,8.566602562660178,727.092267076261
2020-11-20 14:00:00+00:00,58.333380000000005,0.0,58.090454029935565,6.32,2.57,2020-11-20 14:00:00.000,2020-11-20 14:00:00,210.0,6.32,101950.0,2.57,58.333380000000005,501.96946824192,1605877200.0,436.05614488477056,7.816853904072218,457.71150072493003
2020-11-20 15:00:00+00:00,19.444460000000003,0.0,19.444460000000003,6.12,2.57,2020-11-20 15:00:00.000,2020-11-20 15:00:00,70.0,6.12,102020.0,2.57,19.444460000000003,167.32315608064002,1605880800.0,126.71504952290817,6.621028763805982,147.50596802224533
2020-11-20 16:00:00+00:00,0.0,0.0,0.0,5.62,2.06,2020-11-20 16:00:00.000,2020-11-20 16:00:00,0.0,5.62,102040.0,2.06,0.0,0.0,1605884400.0,-3.0,5.62,0.0
